<?xml version="1.0" encoding="UTF-8"?>
<!DOCTYPE mapper PUBLIC "-//mybatis.org//DTD Mapper 3.0//EN"
        "http://mybatis.org/dtd/mybatis-3-mapper.dtd">
<mapper namespace="com.ltg.base.sys.mapper.SysUserMapper">


    <select id="selectByUsername" resultType="com.ltg.base.sys.entity.SysUser">
        select *
        from sys_user
        where username = #{username}
           or mobile = #{username}
    </select>

    <select id="pageList" resultType="com.ltg.base.sys.data.response.UserPageResp">
        select u.id,
        u.create_time,
        u.update_time,
        u.deleted,
        u.username,
        u.password,
        u.avatar_id,
        u.role_id,
        u.identity_code,
        u.mobile,
        u.display_name,
        r.role_name
        from sys_user as u
        left join sys_role as r on u.role_id = r.id
        where u.deleted = 0
        <if test="keyword != null and keyword != ''">
            and (
            u.username like CONCAT('%', #{keyword}, '%') or
            u.display_name like CONCAT('%', #{keyword}, '%')
            )
        </if>
        <if test="roleId != null and roleId != ''">
            and r.id = #{roleId}
        </if>
    </select>
    <select id="selectUsers" resultType="com.ltg.base.sys.entity.SysUser">
        select u.id,
        u.create_time,
        u.update_time,
        u.deleted,
        u.username,
        u.password,
        u.avatar_id,
        u.role_id,
        u.identity_code,
        u.mobile,
        u.display_name
        from sys_user AS u
        left join sys_role AS r ON r.id = u.role_id
        where u.deleted = 0
        <if test="position == 1">
            AND r.role_name ='项目经理'
        </if>
        <if test="position == 2">
            AND r.role_name ='普通员工'
        </if>
    </select>

</mapper>